id,theme_a,theme_b,difficulty,category,reversible
1,Un son avec un couplet de fou,Un son avec un refrain de fou,2,Musique,TRUE
2,Un son que t'aimes d'un artiste que tu détestes,Un son surcoté d'un artiste que t'adores,2,Goûts,TRUE
3,Un son pour une soirée d'été autour d'un barbecue,Un son pour une soirée en appart,2,Ambiances,TRUE
4,Un son goumin,Un son nostalgie,2,Émotions,TRUE
5,Un son pour ton arrivée à un date,Un son pour ton arrivée à une soirée,2,Ambiances,TRUE
6,Un son que tu écouteras toute ta vie,Un son exceptionnel dès la première écoute,2,Goûts,TRUE
7,Un son pour rouler seul la nuit,Un son pour une fin de soirée dehors au lever du soleil,2,Ambiances,TRUE
8,Un son pour ton entrée dans un combat de catch,Un son pour la BO de ton film autobiographique,2,Cinéma,TRUE
9,Un son quand il neige,Un son quand il pleut,2,Ambiances,TRUE
10,Une prod exceptionnelle,Une topline folle,2,Musique,TRUE
11,Un featuring improbable mais dingue,Un featuring all time,2,Musique,TRUE
12,Un son pour une nuit à deux,Un son pour faire une déclaration d'amour,2,Émotions,TRUE
13,Un son pour faire twerker des meufs,Un son pour faire danser toute une boîte de nuit,2,Soirée,TRUE
14,Un son dont le remix dépasse l'original,Un son dont l'original reste imbattable,2,Musique,TRUE
15,Un son avec une intro incroyable,Un son avec une fin incroyable,2,Musique,TRUE
16,Un son sauvé par sa prod,Un son sauvé par la voix de l'artiste,2,Musique,TRUE
17,Un son que t'aimes pour ses paroles,Un son que t'aimes sans comprendre les paroles,2,Goûts,TRUE
18,Un son où l'artiste se livre,Un son où l'artiste se la raconte,2,Musique,TRUE
19,Un son qui te donne envie de chanter,Un son qui te donne envie de rapper,2,Musique,TRUE
20,Un son qui mériterait une version acoustique,Un son qui mériterait un remix pour la boîte,2,Musique,TRUE
21,Un son meilleur en live,Un son meilleur au casque,2,Musique,TRUE
22,Un son à écouter à fond,Un son à écouter quand tout est calme,2,Musique,TRUE
23,Un son dont tu reconnais la voix direct,Un son dont tu reconnais la prod direct,2,Musique,TRUE
24,Un son qui n'a pas besoin de refrain,Un son dont le refrain fait tout,2,Musique,TRUE
25,Un son beaucoup trop court,Un son long dont tu ne couperais rien,2,Musique,TRUE
26,Un son qui mélange deux styles,Un son qui réunit deux générations,2,Musique,TRUE
27,Un son d'un rappeur qui chante,Un son d'un chanteur qui rappe,2,Musique,TRUE
28,Un son fait pour un stade,Un son fait pour une petite salle,2,Musique,TRUE
29,Une reprise qui dépasse l'original,Un sample qui transforme l'original,2,Musique,TRUE
30,Un son où t'attends le drop,Un son où t'attends le solo,2,Musique,TRUE
31,Un son où la basse fait tout,Un son où la batterie fait tout,2,Musique,TRUE
32,Un son que tu peux écouter dix fois de suite,Un son que tu ressors une fois par an,2,Goûts,TRUE
33,Un son que tout le monde aime sauf toi,Un son que personne n'aime sauf toi,2,Goûts,TRUE
34,Un son qu'on t'a trop fait écouter,Un son que t'as trop fait écouter aux autres,2,Goûts,TRUE
35,Un son que t'aimais avant qu'il devienne un tube,Un son que t'as découvert après tout le monde,2,Goûts,TRUE
36,Un son que t'as jugé trop vite,Un son qui t'a lassé trop vite,2,Goûts,TRUE
37,Un son qui t'a fait aimer un artiste,Un son qui t'a fait découvrir un style,2,Goûts,TRUE
38,Un son d'un artiste qui mérite plus de succès,Un son d'un artiste qu'on a un peu oublié,2,Goûts,TRUE
39,Un son meilleur que le reste de l'album,Un son qui prend tout son sens dans l'album,2,Goûts,TRUE
40,Un son que t'as découvert grâce à un clip,Un son que t'as découvert grâce à un pote,2,Souvenirs,TRUE
41,Un son encore meilleur avec son clip,Un son encore meilleur avec les paroles sous les yeux,2,Musique,TRUE
42,Un vieux son qui pourrait sortir aujourd'hui,Un son récent qui semble venir d'une autre époque,2,Musique,TRUE
43,Un son que t'écoutes en cachette,Un son que tu mets pour montrer que t'as du goût,2,Goûts,TRUE
44,Un son que tu ne zapperas jamais,Un son dont tu n'écoutes qu'un passage,2,Goûts,TRUE
45,Un son que tu connais grâce à une pub,Un son que tu connais grâce à un jeu vidéo,2,Souvenirs,TRUE
46,Un son qui met tout le monde d'accord,Un son qui divise ton groupe de potes,2,Goûts,TRUE
47,Un son qui te rappelle le collège,Un son qui te rappelle tes premières sorties en boîte,2,Souvenirs,TRUE
48,Un son que tes parents t'ont fait découvrir,Un son que t'as fait découvrir à tes parents,2,Souvenirs,TRUE
49,Un son qui te rappelle quelqu'un,Un son qui te rappelle un endroit,2,Souvenirs,TRUE
50,Un son que t'écoutais quand ça n'allait pas,Un son que t'écoutais quand tout allait bien,2,Souvenirs,TRUE
51,Un son qui te rappelle ton premier amour,Un son qui te rappelle ta bande de potes,2,Souvenirs,TRUE
52,Un son que tu veux à ton mariage,Un son que tu veux à ton enterrement,2,Émotions,TRUE
53,Un son pour ta dernière soirée avant de déménager,Un son pour ta première soirée dans ton nouvel appart,2,Ambiances,TRUE
54,Un son que tu veux faire découvrir à tout le monde,Un son que tu préfères garder pour toi,2,Goûts,TRUE
55,Un son qui te rappelle les vacances,Un son qui te rappelle la route des vacances,2,Souvenirs,TRUE
56,Un son que t'aimais sans écouter les paroles,Un son dont t'as compris les paroles en grandissant,2,Souvenirs,TRUE
57,Un son qui te rend fier de tes origines,Un son qui te donne envie d'aller voir ailleurs,2,Émotions,TRUE
58,Un son qui te rappelle une victoire,Un son qui t'a aidé à encaisser une défaite,2,Souvenirs,TRUE
59,Un son que t'associes à ton meilleur pote,Un son que t'associes à quelqu'un qui n'est plus dans ta vie,2,Souvenirs,TRUE
60,Un son qui te représentait à 15 ans,Un son qui te représente aujourd'hui,2,Souvenirs,TRUE
61,Un son pour un long trajet avec tes potes,Un son pour un long trajet avec tes parents,2,Ambiances,TRUE
62,Un son pour prendre la route des vacances,Un son pour prendre la route du retour,2,Ambiances,TRUE
63,Un son pour l'apéro,Un son pour l'after,2,Soirée,TRUE
64,Un son que tu mets en soirée avec tes potes,Un son que tu mets en soirée quand tu connais personne,2,Soirée,TRUE
65,Un son pour chauffer la salle,Un son pour finir la soirée,2,Soirée,TRUE
66,Un son pour un karaoké,Un son pour tenter The Voice,2,Soirée,TRUE
67,Un son pour danser collé-serré,Un son pour danser seul devant ton miroir,2,Ambiances,TRUE
68,Un son pour une soirée chic,Un son pour une soirée qui part en vrille,2,Soirée,TRUE
69,Un son pour sortir de ton goumin,Un son pour replonger dans ton goumin,2,Émotions,TRUE
70,Un son à envoyer à ton crush,Un son à envoyer à ton ex,2,Émotions,TRUE
71,Un son pour te sentir irrésistible,Un son pour te sentir intouchable,2,Émotions,TRUE
72,Un son pour marcher avec trop de confiance,Un son pour te dépasser à la salle,2,Ambiances,TRUE
73,Un son pour te motiver avant un examen,Un son pour fêter un examen réussi,2,Ambiances,TRUE
74,Un son pour hurler ta rage,Un son pour pleurer un bon coup,2,Émotions,TRUE
75,Un son pour oublier tes problèmes,Un son qui met des mots sur tes problèmes,2,Émotions,TRUE
76,Un son pour envoyer balader quelqu'un,Un son pour demander pardon,2,Émotions,TRUE
77,Un son pour un amour sain,Un son pour une relation toxique,2,Émotions,TRUE
78,Un son pour dire « tu me plais »,Un son pour dire « tu me manques »,2,Émotions,TRUE
79,Un son pour te rappeler ce que tu vaux,Un son pour montrer à tout le monde ce que tu vaux,2,Émotions,TRUE
80,Un son qui te fait sourire même quand ça va mal,Un son qui te fait pleurer même quand tout va bien,2,Émotions,TRUE
81,Un son pour le métro un lundi matin,Un son pour rentrer du travail un vendredi soir,2,Ambiances,TRUE
82,Un son pour cuisiner en dansant,Un son pour un dîner aux chandelles,2,Ambiances,TRUE
83,Un son pour traîner au lit,Un son pour te sortir du lit,2,Ambiances,TRUE
84,Un son pour un dimanche qui déprime,Un son pour un dimanche au soleil,2,Ambiances,TRUE
85,Un son pour regarder la mer,Un son pour regarder les lumières de la ville,2,Ambiances,TRUE
86,Un son pour une journée à la plage,Un son pour une nuit à la belle étoile,2,Ambiances,TRUE
87,Un son pour l'entrée du héros,Un son pour l'entrée du méchant,2,Cinéma,TRUE
88,Un son pour une course-poursuite,Un son pour une scène au ralenti,2,Cinéma,TRUE
89,Un son pour une scène de premier baiser,Un son pour une scène de séparation,2,Cinéma,TRUE
90,Un son qui irait dans une pub de parfum,Un son qui irait dans une pub de voiture,2,Cinéma,TRUE
91,Un son pour ouvrir un concert,Un son pour le rappel d'un concert,2,Musique,TRUE
92,Un son qui raconte une histoire,Un son qui installe une ambiance,2,Musique,TRUE
93,Un son joyeux avec des paroles tristes,Un son triste avec des paroles pleines d'espoir,2,Musique,TRUE
94,Un son pour convaincre quelqu'un d'écouter du rap,Un son pour convaincre quelqu'un d'écouter de la pop,2,Goûts,TRUE
95,Un son que t'aimerais avoir écrit,Un son que t'aimerais savoir chanter,2,Goûts,TRUE
96,Un son que tu chanterais devant 10 000 personnes,Un son que tu n'oses chanter que sous la douche,2,Goûts,TRUE
97,Un son à la guitare au feu de camp,Un son sur une enceinte à la plage,2,Ambiances,TRUE
98,Un son qui te donne envie d'être amoureux,Un son qui te fait kiffer ton célibat,2,Émotions,TRUE
99,Un son dont tu retiens une punchline,Un son dont tu retiens une mélodie,2,Musique,TRUE
100,Un son qui mettrait le feu à un festival,Un son qui ferait taire toute la salle,2,Musique,TRUE
